imdb_id,title,url,release_year,duration,certificate,rating,genres,cast,poster
tt7130300,The Woman in Cabin 10,https://www.imdb.com/title/tt7130300,2025,1h 32m,R,5.9(20K),"['Whodunnit', 'Drama', 'Mystery', 'Thriller']","['Simon Stone', 'Joe Shrapnel', 'Anna Waterhouse', 'Emma Frost', 'Ruth Ware', 'Keira Knightley', 'Guy Pearce', 'David Ajala', 'Gitte Witt', 'Art Malik']",posters_show\The_Woman_in_Cabin_10.jpg
tt30144839,One Battle After Another,https://www.imdb.com/title/tt30144839,2025,2h 41m,R,8.3(103K),"['Action Epic', 'Dark Comedy', 'Epic', 'Political Thriller', 'Action', 'Crime', 'Drama', 'Thriller']","['Paul Thomas Anderson', 'Thomas Pynchon', 'Teyana Taylor', 'Leonardo DiCaprio', 'Regina Hall', 'Wood Harris', 'Alana Haim', 'Shayna McHayle', 'Paul Grimstad', 'Dijon Duenas']",posters_show\One_Battle_After_Another.jpg
tt6604188,Tron: Ares,https://www.imdb.com/title/tt6604188,2025,1h 59m,PG-13,6.7(18K),"['Artificial Intelligence', 'Cyberpunk', 'Action', 'Adventure', 'Sci-Fi']","['Joachim Rønning', 'Steven Lisberger', 'Bonnie MacBird', 'David DiGilio', 'Jesse Wigutow', 'Jared Leto', 'Greta Lee', 'Jeff Bridges', 'Evan Peters', 'Jodie Turner-Smith']",posters_show\Tron__Ares.jpg
tt21103218,The Lost Bus,https://www.imdb.com/title/tt21103218,2025,2h 9m,R,6.9(22K),"['Disaster', 'Biography', 'Drama', 'History', 'Thriller']","['Paul Greengrass', 'Brad Ingelsby', 'Lizzie Johnson', 'Matthew McConaughey', 'America Ferrera', 'Yul Vazquez', 'Ashlie Atkinson', 'Kimberli Flores', 'Levi McConaughey', 'Kay McConaughey']",posters_show\The_Lost_Bus.jpg
tt18392014,Play Dirty,https://www.imdb.com/title/tt18392014,2025,2h 5m,R,5.9(14K),"['Caper', 'Heist', 'Action', 'Crime', 'Drama', 'Thriller']","['Shane Black', 'Donald E. Westlake', 'Chuck Mondry', 'Anthony Bagarozzi', 'Mark Wahlberg', 'LaKeith Stanfield', 'Rosa Salazar', 'Keegan-Michael Key', 'Chukwudi Iwuji', 'Nat Wolff']",posters_show\Play_Dirty.jpg
tt26581740,Weapons,https://www.imdb.com/title/tt26581740,2025,2h 8m,R,7.5(185K),"['Dark Comedy', 'Psychological Horror', 'Supernatural Horror', 'Witch Horror', 'Horror', 'Mystery']","['Zach Cregger', 'Scarlett Sher', 'Julia Garner', 'Cary Christopher', 'Jason Turner', 'Josh Brolin', 'Benedict Wong', 'Anny Jules', 'Ali Burch', 'Michael Gene Conti']",posters_show\Weapons.jpg
tt22898462,The Conjuring: Last Rites,https://www.imdb.com/title/tt22898462,2025,2h 15m,R,6.3(54K),"['Supernatural Horror', 'Horror', 'Mystery', 'Thriller']","['Michael Chaves', 'Ian Goldberg', 'Richard Naing', 'David Leslie Johnson-McGoldrick', 'James Wan', 'Chad Hayes', 'Carey W. Hayes', 'Patrick Wilson', 'Vera Farmiga', 'Mia Tomlinson']",posters_show\The_Conjuring__Last_Rites.jpg
tt26439764,Kantara A Legend: Chapter 1,https://www.imdb.com/title/tt26439764,2025,2h 45m,Not Rated,8.6(39K),"['Kannada', 'Action', 'Thriller']","['Rishab Shetty', 'Anirudh Mahesh', 'Shanil Guru', 'Jayaram', 'Rukmini Vasanth', 'Gulshan Devaiah', 'Rakesh Poojari', 'Prakash Thuminad', 'Pramod Shetty', 'Mime Ramdas']",posters_show\Kantara_A_Legend__Chapter_1.jpg
tt11214558,The Smashing Machine,https://www.imdb.com/title/tt11214558,2025,2h 3m,R,6.8(33K),"['Boxing', 'Docudrama', 'Period Drama', 'Psychological Drama', 'Action', 'Biography', 'Drama', 'History', 'Sport']","['Benny Safdie', 'Dwayne Johnson', 'Kenny Rice', 'Jerin Valel', 'Andre Tricoteux', 'James McSweeney', 'Jonathan Corbblah', 'Ryan Bader', 'Ilan Rosenberg', 'Nick Toren']",posters_show\The_Smashing_Machine.jpg
tt31511689,Vicious,https://www.imdb.com/title/tt31511689,2025,1h 38m,R,4.9(2.8K),"['Supernatural Horror', 'Horror']","['Bryan Bertino', 'Dakota Fanning', 'Kathryn Hunter', 'Mary McCormack', 'Rachel Blanchard', 'Devyn Nekoda', 'Klea Scott', 'Emily Mitchell', 'Bauston Camilleri', 'Drew Moore']",posters_show\Vicious.jpg
tt5950044,Superman,https://www.imdb.com/title/tt5950044,2025,2h 9m,PG-13,7.1(329K),"['Action Epic', 'Adventure Epic', 'Epic', 'Sci-Fi Epic', 'Superhero', 'Action', 'Adventure', 'Sci-Fi']","['James Gunn', 'Jerry Siegel', 'Joe Shuster', 'David Corenswet', 'Alan Tudyk', 'Grace Chan', 'Bradley Cooper', 'Angela Sarafyan', 'Michael Rooker', 'Pom Klementieff']",posters_show\Superman.jpg
tt32985279,Steve,https://www.imdb.com/title/tt32985279,2025,1h 33m,R,6.4(8.9K),"['Comedy', 'Drama']","['Tim Mielants', 'Max Porter', 'Cillian Murphy', 'Jay Lycurgo', 'Archie Fisher', 'Araloyin Oshunremi', 'Luke Ayres', 'Marcus Garvey', 'Priyanga Burford', 'Joshua Barry']",posters_show\Steve.jpg
tt4627382,Roofman,https://www.imdb.com/title/tt4627382,2025,2h 6m,R,7.2(4.1K),"['Dark Comedy', 'Biography', 'Crime', 'Drama', 'History', 'Music', 'Romance']","['Derek Cianfrance', 'Kirt Gunn', 'Channing Tatum', 'Tony Revolori', 'Kirana Kuic', 'Gabriella Cila', 'Alissa Marie Pearson', 'LaKeith Stanfield', 'Esmé McSherry', 'Melonie Diaz']",posters_show\Roofman.jpg
tt17526714,The Substance,https://www.imdb.com/title/tt17526714,2024,2h 21m,R,7.2(347K),"['Body Horror', 'Dark Comedy', 'Monster Horror', 'Psychological Horror', 'Showbiz Drama', 'Drama', 'Horror', 'Sci-Fi']","['Coralie Fargeat', 'Demi Moore', 'Margaret Qualley', 'Dennis Quaid', 'Edward Hamilton-Clark', 'Gore Abrams', 'Oscar Lesage', 'Christian Erickson', 'Robin Greer', 'Tom Morton']",posters_show\The_Substance.jpg
tt1104001,Tron: Legacy,https://www.imdb.com/title/tt1104001,2010,2h 5m,PG,6.8(377K),"['Artificial Intelligence', 'Cyberpunk', 'Action', 'Adventure', 'Sci-Fi']","['Joseph Kosinski', 'Edward Kitsis', 'Adam Horowitz', 'Brian Klugman', 'Lee Sternthal', 'Steven Lisberger', 'Bonnie MacBird', 'Jeff Bridges', 'Garrett Hedlund', 'Olivia Wilde']",posters_show\Tron__Legacy.jpg
tt20990442,Him,https://www.imdb.com/title/tt20990442,2025,1h 36m,R,5.1(11K),"['Body Horror', 'Football', 'Psychological Horror', 'Horror', 'Sport']","['Justin Tipping', 'Skip Bronkie', 'Zack Akers', 'Marlon Wayans', 'Tyriq Withers', 'Julia Fox', 'Tim Heidecker', 'Jim Jefferies', 'Maurice Greene', 'Indira G. Wilson']",posters_show\Him.jpg
tt35521922,Good Boy,https://www.imdb.com/title/tt35521922,2025,1h 12m,PG-13,6.5(6.1K),"['Comedy', 'Horror', 'Thriller']","['Ben Leonberg', 'Alex Cannon', 'Indy', 'Shane Jensen', 'Arielle Friedman', 'Larry Fessenden', 'Stuart Rudin', 'Hunter Goetz', 'Anya Krawcheck', 'Max']",posters_show\Good_Boy.jpg
tt0054215,Psycho,https://www.imdb.com/title/tt0054215,1960,1h 49m,R,8.5(767K),"['Dark Comedy', 'Psychological Horror', 'Psychological Thriller', 'Slasher Horror', 'Suspense Mystery', 'Drama', 'Horror', 'Mystery', 'Thriller']","['Alfred Hitchcock', 'Joseph Stefano', 'Robert Bloch', 'Anthony Perkins', 'Vera Miles', 'John Gavin', 'Janet Leigh', 'Martin Balsam', 'John McIntire', 'Simon Oakland']",posters_show\Psycho.jpg
tt14205554,KPop Demon Hunters,https://www.imdb.com/title/tt14205554,2025,1h 35m,PG,7.6(87K),"['Computer Animation', 'Pop Musical', 'Superhero', 'Supernatural Fantasy', 'Action', 'Adventure', 'Animation', 'Comedy', 'Family', 'Fantasy']","['Chris Appelhans', 'Maggie Kang', 'Danya Jimenez', 'Hannah McMechan', 'Bo Yeon Kim', 'Erika Lippoldt', 'Arden Cho', 'May Hong', 'Ji-young Yoo', 'Ahn Hyo-seop']",posters_show\KPop_Demon_Hunters.jpg
tt1493274,Caught Stealing,https://www.imdb.com/title/tt1493274,2025,1h 47m,R,7.0(34K),"['Dark Comedy', 'Gangster', 'Psychological Drama', 'Psychological Thriller', 'Comedy', 'Crime', 'Thriller']","['Darren Aronofsky', 'Charlie Huston', 'Austin Butler', 'Griffin Dunne', 'Dominique Silver', ""Shaun O'Hagan"", 'Action Bronson', 'Jake Bentley Young', 'Zoë Kravitz', 'Kitty Lawrence']",posters_show\Caught_Stealing.jpg
tt32549601,Caramelo,https://www.imdb.com/title/tt32549601,2025,1h 41m,,7.2(2.5K),"['Portuguese', 'Animal Adventure', 'Workplace Drama', 'Comedy', 'Drama', 'Family']","['Diego Freitas', 'Rod Azevedo', 'Vitor Brandt', 'Carolina Castro', 'Rafael Vitti', 'Arianne Botelho', 'Kelzy Ecard', 'Bruno Vinícius', 'Ademara', 'Noemia Oliveira']",posters_show\Caramelo.jpg
tt0337741,Something's Gotta Give,https://www.imdb.com/title/tt0337741,2003,2h 8m,PG-13,6.8(135K),"['Romantic Comedy', 'Comedy', 'Drama', 'Romance']","['Nancy Meyers', 'Jack Nicholson', 'Diane Keaton', 'Keanu Reeves', 'Frances McDormand', 'Amanda Peet', 'Jon Favreau', 'Paul Michael Glaser', 'Rachel Ticotin', 'Paige Butcher']",posters_show\Something_s_Gotta_Give.jpg
tt26743210,How to Train Your Dragon,https://www.imdb.com/title/tt26743210,2025,2h 5m,PG,7.8(101K),"['Sword & Sorcery', 'Teen Adventure', 'Teen Fantasy', 'Action', 'Adventure', 'Comedy', 'Drama', 'Family', 'Fantasy']","['Dean DeBlois', 'Cressida Cowell', 'William Davies', 'Chris Sanders', 'Mason Thames', 'Nico Parker', 'Gerard Butler', 'Nick Frost', 'Gabriel Howell', 'Julian Dennison']",posters_show\How_to_Train_Your_Dragon.jpg
tt26928684,Summer Camp,https://www.imdb.com/title/tt26928684,2024,1h 35m,PG-13,4.6(2K),"['Quirky Comedy', 'Comedy']","['Castille Landon', 'Diane Keaton', 'Kathy Bates', 'Alfre Woodard', 'Eugene Levy', 'Dennis Haysbert', ""Beverly D'Angelo"", 'Nicole Richie', 'Josh Peck', 'Betsy Sodaro']",posters_show\Summer_Camp.jpg
tt0075686,Annie Hall,https://www.imdb.com/title/tt0075686,1977,1h 33m,PG,7.9(287K),"['Romantic Comedy', 'Comedy', 'Romance']","['Woody Allen', 'Marshall Brickman', 'Diane Keaton', 'Tony Roberts', 'Carol Kane', 'Paul Simon', 'Shelley Duvall', 'Janet Margolin', 'Colleen Dewhurst', 'Christopher Walken']",posters_show\Annie_Hall.jpg
tt3402138,The Naked Gun,https://www.imdb.com/title/tt3402138,2025,1h 25m,PG-13,6.5(77K),"['Bumbling Detective', 'Parody', 'Satire', 'Slapstick', 'Action', 'Comedy', 'Crime']","['Akiva Schaffer', 'Dan Gregor', 'Doug Mand', 'Liam Neeson', 'Pamela Anderson', 'Paul Walter Hauser', 'Danny Huston', 'CCH Pounder', 'Kevin Durand', 'Liza Koshy']",posters_show\The_Naked_Gun.jpg
tt32246771,Bring Her Back,https://www.imdb.com/title/tt32246771,2025,1h 44m,R,7.2(82K),"['Body Horror', 'Psychological Horror', 'Supernatural Horror', 'Horror', 'Mystery']","['Danny Philippou', 'Michael Philippou', 'Bill Hinzman', 'Billy Barratt', 'Sally Hawkins', 'Mischa Heywood', 'Jonah Wren Phillips', 'Stephen Phillips', 'Sally-Anne Upton', 'Sora Wong']",posters_show\Bring_Her_Back.jpg
tt0068646,The Godfather,https://www.imdb.com/title/tt0068646,1972,2h 55m,R,9.2(2.2M),"['Epic', 'Gangster', 'Tragedy', 'Crime', 'Drama']","['Francis Ford Coppola', 'Mario Puzo', 'Marlon Brando', 'Al Pacino', 'James Caan', 'Richard S. Castellano', 'Robert Duvall', 'Sterling Hayden', 'John Marley', 'Richard Conte']",posters_show\The_Godfather.jpg
tt1312221,Frankenstein,https://www.imdb.com/title/tt1312221,2025,2h 29m,R,7.3(1.6K),"['Body Horror', 'Dark Fantasy', 'Monster Horror', 'Psychological Drama', 'Psychological Horror', 'Steampunk', 'Tragedy', 'Drama', 'Fantasy', 'Horror']","['Guillermo del Toro', 'Mary Shelley', 'Oscar Isaac', 'Jacob Elordi', 'Christoph Waltz', 'Mia Goth', 'Felix Kammerer', 'Charles Dance', 'David Bradley', 'Lars Mikkelsen']",posters_show\Frankenstein.jpg
tt10374610,The Long Walk,https://www.imdb.com/title/tt10374610,2025,1h 48m,R,7.3(31K),"['Psychological Thriller', 'Survival', 'Thriller']","['Francis Lawrence', 'JT Mollner', 'Stephen King', 'Cooper Hoffman', 'David Jonsson', 'Garrett Wareing', 'Tut Nyuot', 'Charlie Plummer', 'Ben Wang', 'Jordan Gonzalez']",posters_show\The_Long_Walk.jpg
tt31193180,Sinners,https://www.imdb.com/title/tt31193180,2025,2h 17m,R,7.6(293K),"['Folk Horror', 'Period Drama', 'Supernatural Horror', 'Vampire Horror', 'Action', 'Drama', 'Horror', 'Music', 'Thriller']","['Ryan Coogler', 'Miles Caton', 'Saul Williams', 'Andrene Ward-Hammond', ""Jack O'Connell"", 'Tenaj L. Jackson', 'Michael B. Jordan', 'Dave Maldonado', 'Aadyn Encalarde', 'Helena Hu']",posters_show\Sinners.jpg
tt33335602,Maintenance Required,https://www.imdb.com/title/tt33335602,2025,1h 42m,PG-13,5.2(1.7K),"['Romantic Comedy', 'Comedy', 'Romance']","['Lacey Uhlemeyer', 'Erin Falconer', 'Roo Berry', 'Madelaine Petsch', 'Jacob Scipio', 'Julee Cerda', ""Katy O'Brian"", 'Madison Bailey', 'Freddie Pearson', 'Luke Carroll']",posters_show\Maintenance_Required.jpg
tt29644189,Black Phone 2,https://www.imdb.com/title/tt29644189,2025,1h 54m,R,6.8(1.4K),"['Supernatural Horror', 'Horror']","['Scott Derrickson', 'C. Robert Cargill', 'Joe Hill', 'Mason Thames', 'Ethan Hawke', 'Madeleine McGraw', 'Jeremy Davies', 'Arianna Rivas', 'Miguel Mora', 'Demián Bichir']",posters_show\Black_Phone_2.jpg
tt31050594,Mercy,https://www.imdb.com/title/tt31050594,2026,PG-13,,,"['Cyber Thriller', 'Action', 'Crime', 'Drama', 'Mystery', 'Sci-Fi', 'Thriller']","['Timur Bekmambetov', 'Marco van Belle', 'Michael C. Mahon', 'Rebecca Ferguson', 'Chris Pratt', 'Annabelle Wallis', 'Noah Fearnley', 'Kenneth Choi', 'Kylie Rogers', 'Chris Sullivan']",posters_show\Mercy.jpg
tt32820897,Demon Slayer: Kimetsu no Yaiba- The Movie - Infinity Castle,https://www.imdb.com/title/tt32820897,2025,2h 35m,R,8.5(46K),"['Japanese', 'Adult Animation', 'Anime', 'Dark Fantasy', 'Hand-Drawn Animation', 'Shōnen', 'Supernatural Fantasy', 'Sword & Sorcery', 'Action', 'Adventure']","['Hikaru Kondô', 'Haruo Sotozaki', 'Koyoharu Gotouge', 'Zach Aguilar', 'Ryan Bartley', 'Johnny Yong Bosch', 'Griffin Burns', 'Lucien Dodge', 'Kenji Hamada', 'Natsuki Hanae']",posters_show\Demon_Slayer__Kimetsu_no_Yaiba__The_Movie___Infinity_Castle.jpg
tt10676052,The Fantastic Four: First Steps,https://www.imdb.com/title/tt10676052,2025,1h 54m,PG-13,7.0(171K),"['Space Sci-Fi', 'Superhero', 'Action', 'Adventure', 'Sci-Fi']","['Matt Shakman', 'Josh Friedman', 'Eric Pearson', 'Jeff Kaplan', 'Ian Springer', 'Kat Wood', 'Stan Lee', 'Jack Kirby', 'Pedro Pascal', 'Vanessa Kirby']",posters_show\The_Fantastic_Four__First_Steps.jpg
tt0084827,Tron,https://www.imdb.com/title/tt0084827,1982,1h 36m,PG,6.7(140K),"['Artificial Intelligence', 'Cyberpunk', 'Superhero', 'Action', 'Adventure', 'Sci-Fi']","['Steven Lisberger', 'Bonnie MacBird', 'Jeff Bridges', 'Bruce Boxleitner', 'David Warner', 'Cindy Morgan', 'Barnard Hughes', 'Dan Shor', 'Peter Jurasik', 'Stuart Thomas']",posters_show\Tron.jpg
tt32376165,A House of Dynamite,https://www.imdb.com/title/tt32376165,2025,1h 52m,R,7.4(2.3K),"['Disaster', 'Political Drama', 'Political Thriller', 'Drama', 'Thriller']","['Kathryn Bigelow', 'Noah Oppenheim', 'Idris Elba', 'Rebecca Ferguson', 'Gabriel Basso', 'Jared Harris', 'Tracy Letts', 'Anthony Ramos', 'Moses Ingram', 'Jonah Hauer-King']",posters_show\A_House_of_Dynamite.jpg
tt10548174,28 Years Later,https://www.imdb.com/title/tt10548174,2025,1h 55m,R,6.6(148K),"['Zombie Horror', 'Horror', 'Sci-Fi', 'Thriller']","['Danny Boyle', 'Alex Garland', 'Rocco Haynes', 'Haley Flaherty', 'Harriet Taylor', 'Hannah Allan-Robertson', 'Annabelle Graham', 'Olivia Morley', 'Theadora Rawlings', 'Darcie Smith']",posters_show\28_Years_Later.jpg
tt30274401,Five Nights at Freddy's 2,https://www.imdb.com/title/tt30274401,2025,PG-13,,,"['Slasher Horror', 'Supernatural Horror', 'Teen Horror', 'Horror', 'Mystery', 'Thriller']","['Emma Tammi', 'Scott Cawthon', 'Josh Hutcherson', 'Elizabeth Lail', 'Piper Rubio', 'Matthew Lillard', 'Freddy Carter', 'Skeet Ulrich', 'Theodus Crane', 'Teo Briones']",posters_show\Five_Nights_at_Freddy_s_2.jpg
tt0116313,The First Wives Club,https://www.imdb.com/title/tt0116313,1996,1h 43m,PG,6.5(58K),"['Farce', 'Comedy']","['Hugh Wilson', 'Olivia Goldsmith', 'Robert Harling', 'Goldie Hawn', 'Bette Midler', 'Diane Keaton', 'Maggie Smith', 'Sarah Jessica Parker', 'Dan Hedaya', 'Stockard Channing']",posters_show\The_First_Wives_Club.jpg
tt16311594,F1: The Movie,https://www.imdb.com/title/tt16311594,2025,2h 35m,PG-13,7.7(228K),"['Car Action', 'Motorsport', 'Action', 'Drama', 'Sport']","['Joseph Kosinski', 'Ehren Kruger', 'Brad Pitt', 'Damson Idris', 'Javier Bardem', 'Kerry Condon', 'Tobias Menzies', 'Kim Bodnia', 'Sarah Niles', 'Will Merrick']",posters_show\F1__The_Movie.jpg
tt14905854,Hamnet,https://www.imdb.com/title/tt14905854,2025,2h 5m,PG-13,8.3(528),"['Epic', 'Period Drama', 'Tragedy', 'Biography', 'Drama', 'History']","['Chloé Zhao', ""Maggie O'Farrell"", 'Jessie Buckley', 'Paul Mescal', 'Zac Wishart', 'James Lintern', 'Joe Alwyn', 'Justine Mitchell', 'Eva Wishart', 'Effie Linnen']",posters_show\Hamnet.jpg
tt0107120,Hocus Pocus,https://www.imdb.com/title/tt0107120,1993,1h 36m,PG,6.9(167K),"['Dark Fantasy', 'Fairy Tale', 'Teen Comedy', 'Teen Fantasy', 'Comedy', 'Family', 'Fantasy']","['Kenny Ortega', 'David Kirschner', 'Mick Garris', 'Neil Cuthbert', 'Bette Midler', 'Sarah Jessica Parker', 'Kathy Najimy', 'Omri Katz', 'Thora Birch', 'Vinessa Shaw']",posters_show\Hocus_Pocus.jpg
tt12001534,The Thursday Murder Club,https://www.imdb.com/title/tt12001534,2025,1h 58m,PG-13,6.5(62K),"['Whodunnit', 'Comedy', 'Crime', 'Mystery', 'Thriller']","['Chris Columbus', 'Katy Brand', 'Suzanne Heathcote', 'Richard Osman', 'Helen Mirren', 'Pierce Brosnan', 'Ben Kingsley', 'Celia Imrie', 'Naomi Ackie', 'Daniel Mays']",posters_show\The_Thursday_Murder_Club.jpg
tt0230169,Ed Gein,https://www.imdb.com/title/tt0230169,2000,1h 29m,Not Rated,5.5(6K),"['Docudrama', 'True Crime', 'Biography', 'Crime', 'Drama', 'Horror', 'Thriller']","['Chuck Parello', 'Stephen Johnston', 'Steve Railsback', 'Carrie Snodgress', 'Carol Mansell', 'Sally Champlin', 'Steve Blackwood', 'Nancy Linehan Charles', 'Bill Cross', 'Travis McKenna']",posters_show\Ed_Gein.jpg
tt7144666,The Black Phone,https://www.imdb.com/title/tt7144666,2021,1h 43m,R,6.9(238K),"['Psychological Horror', 'Supernatural Horror', 'Horror', 'Mystery', 'Thriller']","['Scott Derrickson', 'Joe Hill', 'C. Robert Cargill', 'Mason Thames', 'Madeleine McGraw', 'Ethan Hawke', 'Jeremy Davies', 'E. Roger Mitchell', 'Troy Rudeseal', 'James Ransone']",posters_show\The_Black_Phone.jpg
tt26683420,John Candy: I Like Me,https://www.imdb.com/title/tt26683420,2025,1h 53m,PG-13,8.3(3.2K),"['Biography', 'Comedy', 'Documentary']","['Colin Hanks', 'John Candy', 'Bill Murray', 'Chris Candy', 'Jennifer Candy-Sullivan', 'Steve Aker', 'Rose Candy', 'Pat Kelly', 'Terry Enright', 'Ennio Gregoris']",posters_show\John_Candy__I_Like_Me.jpg
tt32159989,After the Hunt,https://www.imdb.com/title/tt32159989,2025,2h 19m,R,6.1(1K),"['Psychological Drama', 'Crime', 'Drama', 'Thriller']","['Luca Guadagnino', 'Nora Garrett', 'Julia Roberts', 'Ayo Edebiri', 'Andrew Garfield', 'Michael Stuhlbarg', 'Chloë Sevigny', 'Lio Mehiel', 'David Leiber', 'Thaddea Graham']",posters_show\After_the_Hunt.jpg
tt31434030,Dracula: A Love Tale,https://www.imdb.com/title/tt31434030,2025,2h 9m,,6.1(8.6K),"['Supernatural Fantasy', 'Supernatural Horror', 'Vampire Horror', 'Fantasy', 'Horror', 'Romance']","['Luc Besson', 'Bram Stoker', 'Caleb Landry Jones', 'Christoph Waltz', 'Zoë Bleu', 'Guillaume de Tonquédec', 'Matilda De Angelis', 'Ewens Abid', 'David Shields', 'Bertrand-Xavier Corbi']",posters_show\Dracula__A_Love_Tale.jpg
tt0101862,Father of the Bride,https://www.imdb.com/title/tt0101862,1991,1h 45m,PG,6.6(90K),"['Romantic Comedy', 'Comedy', 'Family', 'Romance']","['Charles Shyer', 'Frances Goodrich', 'Albert Hackett', 'Nancy Meyers', 'Steve Martin', 'Diane Keaton', 'Kimberly Williams-Paisley', 'Kieran Culkin', 'George Newbern', 'Martin Short']",posters_show\Father_of_the_Bride.jpg
tt9603208,Mission: Impossible - The Final Reckoning,https://www.imdb.com/title/tt9603208,2025,2h 49m,PG-13,7.2(173K),"['Action Epic', 'Adventure Epic', 'Spy', 'Action', 'Adventure', 'Thriller']","['Christopher McQuarrie', 'Bruce Geller', 'Erik Jendresen', 'Tom Cruise', 'Hayley Atwell', 'Ving Rhames', 'Simon Pegg', 'Esai Morales', 'Pom Klementieff', 'Henry Czerny']",posters_show\Mission__Impossible___The_Final_Reckoning.jpg
tt27425164,War 2,https://www.imdb.com/title/tt27425164,2025,2h 50m,Not Rated,5.5(30K),"['Hindi', 'Action Epic', 'Globetrotting Adventure', 'Spy', 'Action', 'Adventure', 'Thriller']","['Ayan Mukerji', 'Aditya Chopra', 'Shridhar Raghavan', 'Abbas Tyrewala', 'Hrithik Roshan', 'N.T. Rama Rao Jr.', 'Kiara Advani', 'Ashutosh Rana', 'Anil Kapoor', 'Varun Badola']",posters_show\War_2.jpg
tt7181546,Ballerina,https://www.imdb.com/title/tt7181546,2025,2h 4m,R,6.9(111K),"['Gun Fu', 'Martial Arts', 'One-Person Army Action', 'Action', 'Thriller']","['Len Wiseman', 'Shay Hatten', 'Derek Kolstad', 'Ana de Armas', 'Keanu Reeves', 'Ian McShane', 'Anjelica Huston', 'Gabriel Byrne', 'Catalina Sandino Moreno', 'Ava Joyce McCarthy']",posters_show\Ballerina.jpg
tt31425731,Playdate,https://www.imdb.com/title/tt31425731,2025,PG-13,,,"['Buddy Comedy', 'Action', 'Comedy']","['Luke Greenfield', 'Neil Goldman', 'Alan Ritchson', 'Kevin James', 'Banks Pierce', 'Benjamin Pajak', 'Alan Tudyk', 'Sarah Chalke', 'Stephen Root', 'Isla Fisher']",posters_show\Playdate.jpg
tt31227572,Predator: Badlands,https://www.imdb.com/title/tt31227572,2025,1h 55m,,,"['Alien Invasion', 'Action', 'Adventure', 'Sci-Fi', 'Thriller']","['Dan Trachtenberg', 'Patrick Aison', 'Jim Thomas', 'John Thomas', 'Elle Fanning', 'Dimitrius Schuster-Koloamatangi', 'Richard Cowan', 'John Davis', 'Lawrence Gordon', 'Stefan Grube']",posters_show\Predator__Badlands.jpg
tt30400277,Kiss of the Spider Woman,https://www.imdb.com/title/tt30400277,2025,2h 9m,R,6.1(1.5K),"['Political Drama', 'Prison Drama', 'Drama', 'Musical']","['Bill Condon', 'Terrence McNally', 'Manuel Puig', 'Diego Luna', 'Tonatiuh', 'Jennifer Lopez', 'Bruno Bichir', 'Josefina Scaglione', 'Aline Mayagoitia', ""Driton 'Tony' Dovolani""]",posters_show\Kiss_of_the_Spider_Woman.jpg
tt0356680,The Family Stone,https://www.imdb.com/title/tt0356680,2005,1h 43m,PG-13,6.3(81K),"['Feel-Good Romance', 'Holiday Comedy', 'Holiday Romance', 'Romantic Comedy', 'Comedy', 'Drama', 'Holiday', 'Romance']","['Thomas Bezucha', 'Claire Danes', 'Diane Keaton', 'Rachel McAdams', 'Dermot Mulroney', 'Craig T. Nelson', 'Sarah Jessica Parker', 'Luke Wilson', 'Tyrone Giordano', 'Brian White']",posters_show\The_Family_Stone.jpg
tt12300742,Bugonia,https://www.imdb.com/title/tt12300742,2025,2h,R,7.4(2.2K),"['Alien Invasion', 'Dark Comedy', 'Satire', 'Comedy', 'Crime', 'Sci-Fi']","['Yorgos Lanthimos', 'Will Tracy', 'Jang Joon-hwan', 'Jesse Plemons', 'Aidan Delbis', 'Emma Stone', 'J. Carmen Galindez Barrera', 'Marc T. Lewis', 'Vanessa Eng', 'Cedric Dumornay']",posters_show\Bugonia.jpg
tt29468874,Beast of War,https://www.imdb.com/title/tt29468874,2025,1h 27m,R,5.4(725),"['Monster Horror', 'Action', 'Biography', 'Drama', 'Horror', 'War']","['Kiah Roache-Turner', 'Mark Coles Smith', 'Joel Nankervis', 'Sam Delich', 'Lee Tiger Halley', 'Sam Parsonson', 'Maximillian Johnson', 'Tristan McKinnon', 'Steve Le Marquand', 'Masa Yamaguchi']",posters_show\Beast_of_War.jpg
tt0111161,The Shawshank Redemption,https://www.imdb.com/title/tt0111161,1994,2h 22m,R,9.3(3.1M),"['Epic', 'Period Drama', 'Prison Drama', 'Drama']","['Frank Darabont', 'Stephen King', 'Tim Robbins', 'Morgan Freeman', 'Bob Gunton', 'William Sadler', 'Clancy Brown', 'Gil Bellows', 'Mark Rolston', 'James Whitmore']",posters_show\The_Shawshank_Redemption.jpg
tt1527793,No Other Choice,https://www.imdb.com/title/tt1527793,2025,2h 19m,,8.0(1.5K),"['Korean', 'Caper', 'Dark Comedy', 'Satire', 'Comedy', 'Crime', 'Drama', 'Thriller']","['Park Chan-wook', 'Lee Kyoung-mi', 'Jahye Lee', 'Don McKellar', 'Donald E. Westlake', 'Lee Byung-hun', 'Son Ye-jin', 'Park Hee-soon', 'Lee Sung-min', 'Yeom Hye-ran']",posters_show\No_Other_Choice.jpg
tt37676033,V/H/S/Halloween,https://www.imdb.com/title/tt37676033,2025,1h 55m,Not Rated,5.8(4.7K),"['Found Footage Horror', 'Splatter Horror', 'Horror']","['Bryan M. Ferguson', 'Casper Kelly', 'R.H. Norman', 'Alex Ross Perry', 'Micheline Pitt', 'Paco Plaza', 'Anna Zlokovic', 'Alberto Marini', 'David Haydn', 'Anna McKelvie']",posters_show\V_H_S_Halloween.jpg
tt0112642,Casper,https://www.imdb.com/title/tt0112642,1995,1h 40m,PG,6.2(156K),"['Slapstick', 'Supernatural Fantasy', 'Teen Fantasy', 'Comedy', 'Family', 'Fantasy']","['Brad Silberling', 'Joseph Oriolo', 'Sherri Stoner', 'Deanna Oliver', 'Chauncey Leopardi', 'Spencer Vrooman', 'Malachi Pearson', 'Cathy Moriarty', 'Eric Idle', 'Ben Stein']",posters_show\Casper.jpg
tt0117571,Scream,https://www.imdb.com/title/tt0117571,1996,1h 51m,R,7.4(428K),"['Dark Comedy', 'Slasher Horror', 'Suspense Mystery', 'Teen Horror', 'Whodunnit', 'Horror', 'Mystery']","['Wes Craven', 'Kevin Williamson', 'Drew Barrymore', 'Roger Jackson', 'Kevin Patrick Walls', 'David Booth', 'Carla Hatley', 'Neve Campbell', 'Skeet Ulrich', 'Lawrence Hecht']",posters_show\Scream.jpg
tt28996126,Nobody 2,https://www.imdb.com/title/tt28996126,2025,1h 29m,R,6.3(46K),"['Dark Comedy', 'One-Person Army Action', 'Action', 'Comedy', 'Crime', 'Thriller']","['Timo Tjahjanto', 'Derek Kolstad', 'Aaron Rabin', 'Bob Odenkirk', 'Connie Nielsen', 'Christopher Lloyd', 'John Ortiz', 'RZA', 'Sharon Stone', 'Colin Hanks']",posters_show\Nobody_2.jpg
tt30425872,London Calling,https://www.imdb.com/title/tt30425872,2025,1h 54m,R,5.5(719),"['Action', 'Comedy', 'Drama']","['Allan Ungar', 'Omer Levin Menekse', 'Quinn Wolfe', 'Josh Duhamel', 'Jeremy Ray Taylor', 'Rick Hoffman', 'Aidan Gillen', 'Neil Sandilands', 'Arnold Vosloo', 'Brandon Auret']",posters_show\London_Calling.jpg
tt0092605,Baby Boom,https://www.imdb.com/title/tt0092605,1987,1h 50m,PG,6.3(21K),"['Workplace Drama', 'Comedy', 'Drama', 'Romance']","['Charles Shyer', 'Nancy Meyers', 'Diane Keaton', 'Sam Shepard', 'Harold Ramis', 'Kristina Kennedy', 'Michelle Kennedy', 'Sam Wanamaker', 'James Spader', 'Pat Hingle']",posters_show\Baby_Boom.jpg
tt31956415,Freakier Friday,https://www.imdb.com/title/tt31956415,2025,1h 50m,PG,6.6(20K),"['Body Swap Comedy', 'Comedy', 'Family', 'Fantasy']","['Nisha Ganatra', 'Jordan Weiss', 'Elyse Hollander', 'Mary Rodgers', 'Jamie Lee Curtis', 'Lindsay Lohan', 'Julia Butters', 'Sophia Hammons', 'Mark Harmon', 'Manny Jacinto']",posters_show\Freakier_Friday.jpg
tt0047573,Them!,https://www.imdb.com/title/tt0047573,1954,1h 34m,Approved,7.2(26K),"['Kaiju', 'Monster Horror', 'Horror', 'Sci-Fi']","['Gordon Douglas', 'Ted Sherdeman', 'Russell S. Hughes', 'George Worthing Yates', 'James Whitmore', 'Edmund Gwenn', 'Joan Weldon', 'James Arness', 'Onslow Stevens', 'Sean McClory']",posters_show\Them_.jpg
tt31184028,Together,https://www.imdb.com/title/tt31184028,2025,1h 42m,R,6.7(45K),"['Body Horror', 'Psychological Horror', 'Horror', 'Romance']","['Michael Shanks', 'Dave Franco', 'Alison Brie', 'Damon Herriman', 'Mia Morrissey', 'Karl Richmond', 'Jack Kenny', 'Francesca Waters', 'Aljin Abella', 'Sarah Lang']",posters_show\Together.jpg
tt20768712,Book Club: The Next Chapter,https://www.imdb.com/title/tt20768712,2023,1h 47m,PG-13,5.6(9.5K),"['Romantic Comedy', 'Comedy', 'Romance']","['Bill Holderman', 'Erin Simms', 'Diane Keaton', 'Jane Fonda', 'Candice Bergen', 'Mary Steenburgen', 'Andy Garcia', 'Don Johnson', 'Craig T. Nelson', 'Giancarlo Giannini']",posters_show\Book_Club__The_Next_Chapter.jpg
tt30645201,Honey Don't!,https://www.imdb.com/title/tt30645201,2025,1h 29m,R,5.3(13K),"['Dark Comedy', 'Whodunnit', 'Comedy', 'Crime', 'Mystery', 'Thriller']","['Ethan Coen', 'Tricia Cooke', 'Margaret Qualley', 'Aubrey Plaza', 'Chris Evans', 'Lera Abova', 'Jacnier', 'Gabby Beans', 'Talia Ryder', 'Charlie Day']",posters_show\Honey_Don_t_.jpg
tt31923069,Springsteen: Deliver Me from Nowhere,https://www.imdb.com/title/tt31923069,2025,2h,PG-13,5.5(692),"['Docudrama', 'Biography', 'Drama', 'Music']","['Scott Cooper', 'Warren Zanes', 'Jeremy Allen White', 'Jeremy Strong', 'Paul Walter Hauser', 'Stephen Graham', 'Odessa Young', 'David Krumholtz', 'Gaby Hoffmann', 'Harrison Sloan Gilbertson']",posters_show\Springsteen__Deliver_Me_from_Nowhere.jpg
tt20969586,Thunderbolts*,https://www.imdb.com/title/tt20969586,2025,2h 7m,PG-13,7.1(230K),"['Dark Comedy', 'Dark Fantasy', 'Political Drama', 'Psychological Drama', 'Superhero', 'Action', 'Adventure', 'Crime', 'Drama', 'Fantasy']","['Jake Schreier', 'Eric Pearson', 'Joanna Calo', 'Kurt Busiek', 'Mark Bagley', 'Stan Lee', 'Jack Kirby', 'Joe Simon', 'Paul Jenkins', 'Jae Lee']",posters_show\Thunderbolts_.jpg
tt0072271,The Texas Chain Saw Massacre,https://www.imdb.com/title/tt0072271,1974,1h 23m,R,7.4(205K),"['B-Horror', 'Body Horror', 'Folk Horror', 'Psychological Horror', 'Slasher Horror', 'Splatter Horror', 'Teen Horror', 'Horror']","['Tobe Hooper', 'Kim Henkel', 'Marilyn Burns', 'Allen Danziger', 'Paul A. Partain', 'William Vail', 'Teri McMinn', 'Edwin Neal', 'Jim Siedow', 'Gunnar Hansen']",posters_show\The_Texas_Chain_Saw_Massacre.jpg
tt31888477,Downton Abbey: The Grand Finale,https://www.imdb.com/title/tt31888477,2025,2h 3m,PG,7.5(8.7K),"['Period Drama', 'Drama']","['Simon Curtis', 'Julian Fellowes', 'Marilyn Cutts', 'Dominic West', 'Lorna Nickson Brown', 'Daisy May', 'Sophie Colquhoun', 'Hugh Bonneville', 'Elizabeth McGovern', 'Laura Carmichael']",posters_show\Downton_Abbey__The_Grand_Finale.jpg
tt27158093,Arthur's Whisky,https://www.imdb.com/title/tt27158093,2024,1h 34m,,4.8(1.2K),['Comedy'],"['Stephen Cookson', 'Julia Stuart', 'Alexis Zegerman', 'Andy Davie', 'Ossian Perret', 'Patricia Hodge', 'David Bromley', 'Nigel Pegram', 'Joanna David', 'Diane Keaton']",posters_show\Arthur_s_Whisky.jpg
tt12908150,The Life of Chuck,https://www.imdb.com/title/tt12908150,2024,1h 51m,R,7.3(37K),"['Drama', 'Fantasy', 'Sci-Fi']","['Mike Flanagan', 'Stephen King', 'Tom Hiddleston', 'Jacob Tremblay', 'Benjamin Pajak', 'Cody Flanagan', 'Chiwetel Ejiofor', 'Karen Gillan', 'Mia Sara', 'Carl Lumbly']",posters_show\The_Life_of_Chuck.jpg
tt1375666,Inception,https://www.imdb.com/title/tt1375666,2010,2h 28m,PG-13,8.8(2.7M),"['Action Epic', 'Adventure Epic', 'Epic', 'Psychological Thriller', 'Sci-Fi Epic', 'Action', 'Adventure', 'Sci-Fi', 'Thriller']","['Christopher Nolan', 'Leonardo DiCaprio', 'Joseph Gordon-Levitt', 'Elliot Page', 'Tom Hardy', 'Ken Watanabe', 'Dileep Rao', 'Cillian Murphy', 'Tom Berenger', 'Marion Cotillard']",posters_show\Inception.jpg
tt9362736,Die My Love,https://www.imdb.com/title/tt9362736,2025,1h 58m,R,6.4(1.1K),"['Dark Comedy', 'Psychological Drama', 'Psychological Thriller', 'Comedy', 'Drama', 'Thriller']","['Lynne Ramsay', 'Enda Walsh', 'Alice Birch', 'Ariana Harwicz', 'Jennifer Lawrence', 'Robert Pattinson', 'Sissy Spacek', 'Nick Nolte', 'LaKeith Stanfield', 'Kennedy Calderwood']",posters_show\Die_My_Love.jpg
tt0816692,Interstellar,https://www.imdb.com/title/tt0816692,2014,2h 49m,PG-13,8.7(2.4M),"['Adventure Epic', 'Epic', 'Psychological Drama', 'Quest', 'Sci-Fi Epic', 'Space Sci-Fi', 'Time Travel', 'Adventure', 'Drama', 'Sci-Fi']","['Christopher Nolan', 'Jonathan Nolan', 'Ellen Burstyn', 'Matthew McConaughey', 'Mackenzie Foy', 'John Lithgow', 'Timothée Chalamet', 'David Oyelowo', 'Collette Wolfe', 'Francis X. McCarthy']",posters_show\Interstellar.jpg
tt1790864,The Maze Runner,https://www.imdb.com/title/tt1790864,2014,1h 53m,PG-13,6.8(547K),"['Dystopian Sci-Fi', 'Survival', 'Suspense Mystery', 'Action', 'Mystery', 'Sci-Fi', 'Thriller']","['Wes Ball', 'Noah Oppenheim', 'Grant Pierce Myers', 'T.S. Nowlin', 'James Dashner', ""Dylan O'Brien"", 'Aml Ameen', 'Ki Hong Lee', 'Blake Cooper', 'Thomas Brodie-Sangster']",posters_show\The_Maze_Runner.jpg
tt13160412,Father of the Bride Part 3 (ish),https://www.imdb.com/title/tt13160412,2020,26m,Not Rated,6.7(2.1K),"['Family', 'Short']","['Nancy Meyers', 'Diane Keaton', 'Kieran Culkin', 'Kimberly Williams-Paisley', 'Florence Pugh', 'Ben Platt', 'Steve Martin', 'George Newbern', 'Alexandra Shipp', 'Robert De Niro']",posters_show\Father_of_the_Bride_Part_3__ish_.jpg
tt21187592,The Threesome,https://www.imdb.com/title/tt21187592,2025,1h 52m,R,6.2(2K),"['Comedy', 'Drama', 'Romance']","['Chad Hartigan', 'Ethan Ogilby', 'Jeremy Turner', 'Tommy Do', 'Jaboukie Young-White', 'Jonah Hauer-King', 'Zoey Deutch', 'Josh Segarra', 'Ruby Cruz', 'Kristin Slaysman']",posters_show\The_Threesome.jpg
tt26783625,Bone Lake,https://www.imdb.com/title/tt26783625,2024,1h 34m,R,6.2(1.3K),"['Erotic Thriller', 'Psychological Horror', 'Psychological Thriller', 'Splatter Horror', 'Horror', 'Thriller']","['Mercedes Bryce Morgan', 'Joshua Friedlander', 'Alex Roe', 'Maddie Hasson', 'Marco Pigossi', 'Andra Nechita', 'Clayton Spencer', 'Eliane Reis', 'Jason Blumenfeld', 'Mehrdod Heydari']",posters_show\Bone_Lake.jpg
tt30253473,Materialists,https://www.imdb.com/title/tt30253473,2025,1h 56m,R,6.3(62K),"['Feel-Good Romance', 'Romantic Comedy', 'Comedy', 'Romance']","['Celine Song', 'Dakota Johnson', 'Chris Evans', 'Pedro Pascal', 'Zoe Winters', 'Marin Ireland', 'Dasha Nekrasova', 'Emmy Wheeler', 'Louisa Jacobson', 'Eddie Cahill']",posters_show\Materialists.jpg
tt33088452,Regretting You,https://www.imdb.com/title/tt33088452,2025,1h 57m,PG-13,,"['Drama', 'Romance']","['Josh Boone', 'Colleen Hoover', 'Susan McMartin', 'Allison Williams', 'Mckenna Grace', 'Dave Franco', 'Mason Thames', 'Scott Eastwood', 'Willa Fitzgerald', 'Clancy Brown']",posters_show\Regretting_You.jpg
tt31036941,Jurassic World: Rebirth,https://www.imdb.com/title/tt31036941,2025,2h 13m,PG-13,5.9(141K),"['Dinosaur Adventure', 'Jungle Adventure', 'Action', 'Adventure', 'Sci-Fi', 'Thriller']","['Gareth Edwards', 'David Koepp', 'Michael Crichton', 'Scarlett Johansson', 'Mahershala Ali', 'Jonathan Bailey', 'Rupert Friend', 'Manuel Garcia-Rulfo', 'Luna Blaise', 'David Iacono']",posters_show\Jurassic_World__Rebirth.jpg
tt28015403,Heretic,https://www.imdb.com/title/tt28015403,2024,1h 51m,R,7.0(196K),"['Psychological Horror', 'Psychological Thriller', 'Horror', 'Thriller']","['Scott Beck', 'Bryan Woods', 'Hugh Grant', 'Sophie Thatcher', 'Chloe East', 'Topher Grace', 'Elle Young', 'Julie Lynn Mortensen', 'Haylie Hansen', 'Elle McKinnon']",posters_show\Heretic.jpg
tt30988739,Black Bag,https://www.imdb.com/title/tt30988739,2025,1h 33m,R,6.7(73K),"['Psychological Thriller', 'Spy', 'Drama', 'Mystery', 'Romance', 'Thriller']","['Steven Soderbergh', 'David Koepp', 'Michael Fassbender', 'Gustaf Skarsgård', 'Cate Blanchett', 'Tom Burke', 'Marisa Abela', 'Regé-Jean Page', 'Naomie Harris', 'Kae Alexander']",posters_show\Black_Bag.jpg
tt26394837,Code 3,https://www.imdb.com/title/tt26394837,2025,1h 44m,R,7.2(5K),"['Action', 'Comedy']","['Christopher Leone', 'Patrick Pianezza', 'Rainn Wilson', 'Lil Rel Howery', 'Aimee Carrero', 'Rob Riggle', 'Yvette Nicole Brown', 'Page Kennedy', 'Xolo Maridueña', ""Tree O'Toole""]",posters_show\Code_3.jpg
tt0102926,The Silence of the Lambs,https://www.imdb.com/title/tt0102926,1991,1h 58m,R,8.6(1.7M),"['Police Procedural', 'Psychological Drama', 'Psychological Horror', 'Psychological Thriller', 'Serial Killer', 'Crime', 'Drama', 'Horror', 'Thriller']","['Jonathan Demme', 'Thomas Harris', 'Ted Tally', 'Jodie Foster', 'Anthony Hopkins', 'Scott Glenn', 'Ted Levine', 'Anthony Heald', 'Brooke Smith', 'Diane Baker']",posters_show\The_Silence_of_the_Lambs.jpg
tt33549447,Anemone,https://www.imdb.com/title/tt33549447,2025,2h 5m,R,5.9(1.9K),['Drama'],"['Ronan Day-Lewis', 'Daniel Day-Lewis', 'Sean Bean', 'Samuel Bottomley', 'Lewis Ian Bray', 'Paul Butterworth', 'Karl Cam', 'JP Conway', 'Angus Cooper', 'Adam Fogerty']",posters_show\Anemone.jpg
tt5040012,Nosferatu,https://www.imdb.com/title/tt5040012,2024,2h 12m,R,7.2(240K),"['Dark Fantasy', 'Folk Horror', 'Supernatural Horror', 'Vampire Horror', 'Fantasy', 'Horror', 'Mystery']","['Robert Eggers', 'Henrik Galeen', 'Bram Stoker', 'Lily-Rose Depp', 'Nicholas Hoult', 'Bill Skarsgård', 'Aaron Taylor-Johnson', 'Willem Dafoe', 'Emma Corrin', 'Ralph Ineson']",posters_show\Nosferatu.jpg
tt1457767,The Conjuring,https://www.imdb.com/title/tt1457767,2013,1h 52m,R,7.5(604K),"['Supernatural Horror', 'Suspense Mystery', 'Horror', 'Mystery', 'Thriller']","['James Wan', 'Chad Hayes', 'Carey W. Hayes', 'Vera Farmiga', 'Patrick Wilson', 'Lili Taylor', 'Ron Livingston', 'Shanley Caswell', 'Hayley McFarland', 'Joey King']",posters_show\The_Conjuring.jpg
tt29567915,Nuremberg,https://www.imdb.com/title/tt29567915,2025,2h 28m,PG-13,7.7(362),"['Legal Drama', 'Legal Thriller', 'Psychological Drama', 'Biography', 'Drama', 'History', 'Thriller', 'War']","['James Vanderbilt', 'Jack El-Hai', 'Carl Achleitner', 'Russell Crowe', 'Rami Malek', 'Colin Hanks', 'Michael Shannon', 'Leo Woodall', 'Richard E. Grant', 'John Slattery']",posters_show\Nuremberg.jpg
tt0468569,The Dark Knight,https://www.imdb.com/title/tt0468569,2008,2h 32m,PG-13,9.1(3.1M),"['Action Epic', 'Epic', 'Psychological Thriller', 'Superhero', 'Tragedy', 'Action', 'Crime', 'Drama', 'Thriller']","['Christopher Nolan', 'Jonathan Nolan', 'David S. Goyer', 'Bob Kane', 'Christian Bale', 'Heath Ledger', 'Aaron Eckhart', 'Michael Caine', 'Maggie Gyllenhaal', 'Gary Oldman']",posters_show\The_Dark_Knight.jpg
tt15327088,Kantara,https://www.imdb.com/title/tt15327088,2022,2h 28m,,8.2(112K),"['Kannada', 'Action Epic', 'Epic', 'One-Person Army Action', 'Action', 'Adventure', 'Drama', 'Thriller']","['Rishab Shetty', 'Manish Bhavan', 'Shanil Guru', 'Anirudh Mahesh', 'Bhawan Manish', 'Sham Prasad', 'Raj B. Shetty', 'Prakash Thuminad', 'Kishore Kumar G.', 'Achyuth Kumar']",posters_show\Kantara.jpg
tt18312380,Primitive War,https://www.imdb.com/title/tt18312380,2025,2h 13m,,5.4(4.5K),"['Dinosaur Adventure', 'Jungle Adventure', 'Monster Horror', 'Action', 'Horror', 'Sci-Fi', 'War']","['Luke Sparke', 'Ethan Pettus', 'Ryan Kwanten', 'Tricia Helfer', 'Nick Wechsler', 'Jeremy Piven', 'Anthony Ingruber', 'Aaron Glenane', 'Carlos Sanson Jr.', 'Albert Mwangi']",posters_show\Primitive_War.jpg
